params,dtype,torch_ms,triton_ms,cutile_ms,speedup_triton,speedup_cutile,triton_vs_cutile,torch_nki_ms,nki_ms,speedup_nki
n=1048576,fp16,0.0043,0.0025,0.0029,1.70,1.45,1.1688,0.0285,0.0250,1.14
n=1048576,bf16,0.0042,0.0024,0.0027,1.72,1.53,1.1221,0.0285,0.0255,1.12
n=1048576,fp32,0.0052,0.0031,0.0030,1.70,1.71,0.9928,0.0326,0.0314,1.04
n=2097152,fp16,0.0061,0.0037,0.0036,1.66,1.72,0.9649,0.0352,0.0320,1.10
n=2097152,bf16,0.0060,0.0036,0.0035,1.66,1.69,0.9825,0.0351,0.0440,0.80
n=2097152,fp32,0.0086,0.0051,0.0055,1.68,1.56,1.0761,0.0526,0.0496,1.06
n=3145728,fp16,0.0075,0.0046,0.0044,1.62,1.72,0.9401,0.0459,0.0406,1.13
n=3145728,bf16,0.0078,0.0048,0.0044,1.62,1.77,0.9117,0.0459,0.0411,1.12
n=3145728,fp32,0.0118,0.0075,0.0076,1.58,1.55,1.0167,0.0693,0.0672,1.03
n=4194304,fp16,0.0101,0.0051,0.0052,1.97,1.92,1.0269,0.0516,0.0498,1.03
n=4194304,bf16,0.0098,0.0053,0.0053,1.87,1.87,0.9996,0.0517,0.0504,1.03
n=4194304,fp32,0.0147,0.0106,0.0108,1.39,1.36,1.0194,0.0898,0.0869,1.03
n=5242880,fp16,0.0116,0.0077,0.0073,1.51,1.58,0.9558,0.0685,0.0590,1.16
n=5242880,bf16,0.0116,0.0077,0.0076,1.51,1.52,0.9913,0.0684,0.0591,1.16
n=5242880,fp32,0.0172,0.0124,0.0128,1.39,1.35,1.0313,0.1085,0.1056,1.03
n=6291456,fp16,0.0134,0.0086,0.0086,1.55,1.55,1.0027,0.0722,0.0667,1.08
n=6291456,bf16,0.0132,0.0083,0.0085,1.60,1.55,1.0303,0.0723,0.0668,1.08
n=6291456,fp32,0.0198,0.0146,0.0143,1.35,1.38,0.9819,0.1298,0.1239,1.05
n=7340032,fp16,0.0148,0.0106,0.0104,1.39,1.43,0.9766,0.0816,0.0773,1.06
n=7340032,bf16,0.0150,0.0107,0.0104,1.40,1.43,0.9763,0.0818,0.0774,1.06
n=7340032,fp32,0.0223,0.0162,0.0163,1.37,1.37,1.0020,0.1526,0.1416,1.08
n=8388608,fp16,0.0166,0.0104,0.0105,1.59,1.57,1.0104,0.0935,0.0921,1.02
n=8388608,bf16,0.0167,0.0108,0.0107,1.55,1.56,0.9920,0.0936,0.0919,1.02
n=8388608,fp32,0.0254,0.0182,0.0180,1.40,1.41,0.9874,0.1747,0.1614,1.08
n=9437184,fp16,0.0181,0.0129,0.0117,1.40,1.54,0.9095,0.1061,0.0984,1.08
n=9437184,bf16,0.0178,0.0114,0.0115,1.56,1.55,1.0076,0.1061,0.0983,1.08
n=9437184,fp32,0.0285,0.0204,0.0201,1.40,1.42,0.9833,0.1888,0.1802,1.05
n=10485760,fp16,0.0202,0.0127,0.0132,1.59,1.53,1.0400,0.1127,0.1083,1.04
n=10485760,bf16,0.0196,0.0126,0.0128,1.56,1.53,1.0188,0.1127,0.1083,1.04
n=10485760,fp32,0.0314,0.0218,0.0217,1.44,1.44,0.9991,0.2079,0.1978,1.05
n=11534336,fp16,0.0210,0.0135,0.0137,1.56,1.54,1.0152,0.1252,0.1171,1.07
n=11534336,bf16,0.0214,0.0135,0.0149,1.58,1.44,1.0995,0.1250,0.1172,1.07
n=11534336,fp32,0.0346,0.0238,0.0239,1.46,1.45,1.0052,0.2271,0.2175,1.04
n=12582912,fp16,0.0227,0.0144,0.0144,1.58,1.58,0.9994,0.1297,0.1263,1.03
n=12582912,bf16,0.0227,0.0147,0.0148,1.54,1.54,1.0044,0.1298,0.2012,0.65
n=12582912,fp32,0.0373,0.0256,0.0257,1.46,1.45,1.0022,0.2515,0.2359,1.07
n=13631488,fp16,0.0242,0.0152,0.0153,1.59,1.58,1.0041,0.1429,0.1346,1.06
n=13631488,bf16,0.0244,0.0153,0.0158,1.59,1.55,1.0269,0.1430,0.1346,1.06
n=13631488,fp32,0.0405,0.0268,0.0272,1.51,1.49,1.0139,0.2668,0.2547,1.05
n=14680064,fp16,0.0260,0.0163,0.0166,1.59,1.57,1.0173,0.1489,0.1443,1.03
n=14680064,bf16,0.0258,0.0166,0.0169,1.55,1.53,1.0145,0.1489,0.1441,1.03
n=14680064,fp32,0.0437,0.0292,0.0289,1.50,1.51,0.9911,0.2946,0.2716,1.08
n=15728640,fp16,0.0275,0.0174,0.0176,1.58,1.56,1.0117,0.1671,0.1589,1.05
n=15728640,bf16,0.0275,0.0172,0.0174,1.60,1.58,1.0138,0.1674,0.1608,1.04
n=15728640,fp32,0.0464,0.0305,0.0305,1.52,1.52,1.0003,0.3067,0.2922,1.05
n=16777216,fp16,0.0290,0.0181,0.0182,1.61,1.60,1.0079,0.1785,0.1648,1.08
n=16777216,bf16,0.0294,0.0178,0.0181,1.65,1.62,1.0160,0.1784,0.1647,1.08
n=16777216,fp32,0.0498,0.0327,0.0328,1.52,1.52,1.0011,0.3672,0.3112,1.18
n=17825792,fp16,0.0306,0.0188,0.0191,1.63,1.60,1.0183,0.1828,0.1741,1.05
n=17825792,bf16,0.0306,0.0187,0.0189,1.64,1.62,1.0102,0.1829,0.1749,1.05
n=17825792,fp32,0.0532,0.0340,0.0346,1.56,1.54,1.0182,0.3452,0.3292,1.05
n=18874368,fp16,0.0325,0.0205,0.0206,1.58,1.58,1.0040,0.1892,0.1841,1.03
n=18874368,bf16,0.0320,0.0197,0.0200,1.63,1.60,1.0152,0.1893,0.1840,1.03
n=18874368,fp32,0.0571,0.0367,0.0367,1.55,1.56,0.9981,0.3660,0.3495,1.05
n=19922944,fp16,0.0341,0.0212,0.0214,1.61,1.59,1.0109,0.2009,0.1921,1.05
n=19922944,bf16,0.0340,0.0211,0.0209,1.61,1.63,0.9897,0.2011,0.1921,1.05
n=19922944,fp32,0.0608,0.0378,0.0378,1.61,1.61,1.0016,0.3860,0.3677,1.05
n=20971520,fp16,0.0354,0.0219,0.0220,1.62,1.61,1.0061,0.2084,0.2007,1.04
n=20971520,bf16,0.0353,0.0214,0.0219,1.65,1.61,1.0243,0.2083,0.2038,1.02
n=20971520,fp32,0.0648,0.0403,0.0402,1.61,1.61,0.9963,0.4022,0.3861,1.04
